numero_funcionario,satisfacao_no_trabalho,satisfacao_com_ambiente,satisfacao_com_relacoes,equilibrio_vida_trabalho,engajamento_no_trabalho,renda_mensal,remuneracao_diaria,remuneracao_por_hora,remuneracao_mensal,carga_horaria_padrao,nivel_de_opcao_de_acoes
1,4,2,1,1,3,5993,1102,94,19479,80,0
2,2,3,4,3,2,5130,279,61,24907,80,1
4,3,4,2,3,2,2090,1373,92,2396,80,0
5,3,4,3,3,3,2909,1392,56,23159,80,0
7,2,1,4,3,3,3468,591,40,16632,80,1
8,4,4,3,2,3,3068,1005,79,11864,80,0
10,1,3,1,2,4,2670,1324,81,9964,80,3
11,3,4,2,3,3,2693,1358,67,13335,80,1
12,3,4,2,3,2,9526,216,44,8787,80,0
13,3,3,2,2,3,5237,1299,94,16577,80,2
14,2,1,3,3,4,2426,809,84,16479,80,1
15,3,4,4,3,2,4193,153,49,12682,80,0
16,3,1,4,2,3,2911,670,31,15170,80,1
18,4,2,3,3,3,2661,1346,93,8758,80,1
19,3,3,2,3,2,2028,103,50,12947,80,0
20,1,2,3,3,4,9980,1389,51,10195,80,1
21,2,1,4,2,4,3298,334,80,15053,80,2
22,4,4,2,2,4,2935,1123,96,7324,80,2
23,4,1,3,3,2,15427,1219,78,22021,80,0
24,4,4,3,3,3,3944,371,45,4306,80,0
26,3,1,4,2,4,4011,673,96,8232,80,1
27,1,3,2,3,2,3407,1218,82,6986,80,0
28,2,1,3,3,3,11994,419,53,21293,80,0
30,4,3,4,3,3,1232,391,96,19281,80,0
31,1,2,3,3,3,2960,699,83,17102,80,0
32,3,3,4,2,3,19094,1282,58,10735,80,1
33,1,2,2,3,1,3919,1125,72,4681,80,0
35,2,3,4,3,3,6825,691,48,21173,80,1
36,4,1,4,3,2,10248,477,42,2094,80,1
38,1,2,4,2,3,18947,705,83,22822,80,0
39,4,3,4,3,3,2496,924,78,6670,80,0
40,4,4,4,4,3,6465,1459,41,19121,80,0
41,3,4,1,3,2,2206,125,83,16117,80,0
42,4,4,3,4,3,2086,895,56,3335,80,1
45,4,2,1,2,3,2293,813,61,3020,80,1
46,3,4,4,2,4,2645,1273,72,21923,80,2
47,3,1,3,3,2,2683,869,86,3810,80,0
49,4,4,1,3,3,2014,890,97,9687,80,0
51,1,2,4,4,2,3419,852,82,13072,80,1
52,1,3,1,3,4,5376,1141,42,3193,80,2
53,4,3,3,3,3,1951,464,75,10910,80,1
54,1,4,4,3,3,2341,1240,33,19715,80,1
55,3,1,3,2,1,2293,1357,48,10558,80,0
56,3,4,4,3,3,8726,994,37,2975,80,0
57,4,3,4,3,3,4011,721,58,10781,80,0
58,3,2,4,3,3,19545,1360,49,16280,80,0
60,3,2,3,3,3,4568,1065,72,10034,80,0
61,2,2,1,3,3,3022,408,73,10227,80,0
62,4,1,3,3,3,5772,1211,98,20445,80,0
63,4,4,4,3,4,2269,1229,36,4892,80,0
64,3,1,4,3,2,5381,626,98,19294,80,0
65,3,3,3,2,3,3441,1434,50,11179,80,0
68,1,2,3,2,3,5454,1488,75,4009,80,1
70,1,3,3,3,2,9884,1097,79,8302,80,1
72,4,3,3,2,2,4157,1443,47,21436,80,1
73,4,1,3,3,3,13458,515,98,15146,80,0
74,1,2,4,2,3,9069,853,71,11031,80,1
75,1,3,3,3,3,4014,1142,30,16002,80,1
76,4,4,4,2,3,5915,655,48,9528,80,1
77,3,1,3,4,2,5993,1115,51,2689,80,1
78,4,1,2,3,3,6162,427,33,10877,80,1
79,4,4,4,3,3,2406,653,50,5456,80,0
80,3,2,4,2,2,18740,989,43,16701,80,1
81,1,1,4,2,3,7637,1435,99,2354,80,0
83,3,3,2,3,3,10096,1223,59,8202,80,3
84,3,4,3,3,3,14756,836,33,19730,80,3
85,2,2,3,3,2,6499,1195,95,22656,80,0
86,1,2,3,3,3,9724,1339,59,18787,80,1
88,1,2,4,2,3,2194,664,79,5868,80,1
90,3,4,1,2,2,3388,318,79,21777,80,1
91,3,1,4,2,2,5473,1225,57,24668,80,0
94,2,3,4,3,3,2703,1328,76,4956,80,1
95,2,3,2,3,3,2501,1082,87,18775,80,0
96,2,2,2,3,3,6220,548,66,7346,80,2
97,4,2,2,3,4,3038,132,55,22002,80,0
98,4,3,4,3,3,4424,746,61,20682,80,0
100,1,3,2,3,2,4312,776,32,23016,80,0
101,1,4,2,4,3,13245,193,52,15067,80,0
102,3,1,1,4,3,13664,397,30,25258,80,0
103,2,2,4,3,3,5021,945,80,10425,80,1
104,4,4,3,2,2,5126,852,55,15998,80,2
105,3,2,1,3,2,2859,1214,30,26278,80,0
106,4,1,4,3,3,10239,111,70,18092,80,1
107,4,2,4,3,1,5329,573,79,15717,80,3
110,2,1,3,3,3,4325,1153,94,17736,80,0
112,4,4,1,2,1,7260,1400,49,21698,80,0
113,1,3,3,3,3,2322,541,62,9518,80,1
116,4,4,2,3,3,2075,432,96,18725,80,2
117,4,3,1,3,2,4152,288,99,15830,80,3
118,4,3,4,3,2,9619,669,64,13596,80,0
119,2,3,4,2,2,13503,530,78,14115,80,1
120,4,3,4,1,3,5441,632,71,8423,80,0
121,2,3,2,2,2,5209,1334,63,19760,80,3
124,1,3,3,2,2,10673,638,40,3142,80,1
125,3,2,1,3,3,5010,1093,87,24301,80,0
126,3,1,1,1,3,13549,1217,60,24001,80,1
128,3,1,1,2,3,4999,1353,33,17519,80,1
129,3,2,2,4,3,4221,120,43,8863,80,0
131,3,4,3,2,3,13872,682,37,24409,80,0
132,2,2,3,4,3,2042,489,67,25043,80,1
133,1,3,4,3,3,2073,807,63,23648,80,0
134,1,4,4,3,3,2956,827,71,15178,80,0
137,4,4,2,3,2,2926,871,66,19783,80,0
138,3,1,3,3,3,4809,665,41,12482,80,0
139,4,3,4,4,2,5163,1040,100,15850,80,1
140,4,3,4,3,2,18844,1420,32,21922,80,1
141,2,1,1,2,3,18172,1115,73,9755,80,0
142,3,3,4,3,2,5744,240,46,26959,80,0
143,4,4,3,3,2,2889,1280,64,26897,80,2
144,4,2,3,3,3,2871,534,59,23785,80,0
145,1,1,3,2,2,7484,1456,30,25796,80,0
147,3,1,4,3,1,6074,658,66,22887,80,0
148,4,4,3,3,4,17328,142,30,13871,80,0
150,3,2,3,3,3,2774,1127,52,13257,80,1
151,2,3,3,3,2,4505,1031,45,15000,80,1
152,4,3,1,3,3,7428,1189,87,14506,80,0
153,1,3,4,3,2,11631,1354,45,5615,80,0
154,4,2,3,3,3,9738,1467,92,22952,80,1
155,4,1,1,3,3,2835,922,39,2561,80,1
158,4,3,4,4,3,16959,394,92,19494,80,2
159,3,1,3,2,1,2613,1312,96,22310,80,3
160,2,3,1,4,3,6146,750,95,15480,80,1
161,2,2,1,3,3,4963,441,72,4510,80,3
162,3,1,3,3,3,19537,684,51,6462,80,0
163,3,2,2,2,1,6172,249,76,20739,80,0
164,2,3,3,2,2,2368,841,46,23300,80,0
165,4,4,4,2,3,10312,147,94,3465,80,1
167,3,4,4,2,3,1675,528,50,26820,80,0
169,4,3,3,3,3,2523,594,100,19299,80,1
170,1,3,3,2,3,6567,470,96,5549,80,0
171,3,2,4,3,4,4739,957,72,16090,80,0
174,4,3,4,3,3,9208,809,77,6645,80,0
175,3,2,3,3,1,4559,542,71,24788,80,1
176,3,3,3,3,3,8189,802,96,21196,80,1
177,3,3,4,3,3,2942,1355,61,8916,80,1
178,2,2,4,3,3,4941,216,84,2819,80,2
179,4,1,4,3,1,10650,1150,53,25150,80,0
182,3,4,3,4,2,5902,1329,47,14590,80,1
183,3,1,4,3,2,8639,959,41,24835,80,0
184,4,3,4,1,3,6347,1240,48,13982,80,0
190,1,1,1,4,3,4200,1033,41,10224,80,0
192,4,3,2,2,3,3452,1316,83,9752,80,0
193,3,4,2,3,3,4317,364,32,2302,80,0
194,3,1,3,2,3,2632,438,75,23910,80,0
195,4,4,4,4,1,4668,689,35,22812,80,3
197,1,4,4,3,3,3204,201,84,10415,80,1
198,4,2,4,3,2,2720,1427,35,11162,80,0
199,1,4,2,2,2,17181,857,91,12888,80,1
200,1,3,4,3,3,2238,933,94,6961,80,1
201,2,2,4,3,3,1483,1181,79,16102,80,0
202,2,2,1,3,3,5605,1395,54,8504,80,1
204,2,3,1,3,3,7295,662,94,11439,80,2
205,3,2,4,1,3,2306,1436,34,16047,80,1
206,2,2,3,1,3,2348,194,60,10901,80,1
207,4,2,4,3,3,8998,967,43,15589,80,0
208,3,4,1,3,3,4319,1496,41,26283,80,1
211,3,2,3,3,2,6132,1169,34,13983,80,0
214,2,2,2,2,2,3346,1145,75,11873,80,1
215,4,3,1,2,2,10855,630,67,8552,80,1
216,3,3,4,3,3,2231,303,75,11314,80,1
217,4,3,1,3,3,2323,1256,80,11992,80,2
218,2,4,4,1,3,2024,691,57,5970,80,1
221,4,3,3,1,3,2713,440,42,6672,80,1
223,4,3,2,1,4,9439,334,83,23402,80,1
224,3,3,4,2,2,2566,1450,79,25326,80,1
226,2,3,2,3,3,19926,1452,53,17053,80,0
227,3,1,1,3,3,2451,465,56,4609,80,1
228,4,2,3,3,3,9419,1339,41,8053,80,1
230,4,1,3,4,2,8686,702,59,12930,80,0
231,3,3,1,3,3,3038,120,43,12430,80,0
233,2,3,4,2,3,3058,1157,51,13364,80,1
235,1,3,1,4,1,2325,602,100,20989,80,0
238,2,4,3,2,3,2088,1480,30,15062,80,0
239,1,3,3,3,3,3072,111,66,11012,80,2
240,1,3,1,4,3,5006,1268,30,6319,80,1
241,1,3,3,3,3,4257,713,67,13939,80,1
242,4,3,1,4,3,2500,134,90,10515,80,0
243,4,2,3,2,2,1102,303,47,9241,80,0
244,1,2,3,3,3,10453,526,92,2137,80,3
245,4,3,3,3,3,2288,1380,75,6319,80,0
246,4,3,3,3,3,3929,140,95,6984,80,1
247,2,4,4,3,3,2311,629,95,5711,80,0
248,2,2,4,2,3,3140,1356,70,21728,80,0
249,3,3,4,2,2,3690,328,86,3425,80,1
250,1,4,3,3,4,4450,1084,57,26250,80,2
252,2,4,4,3,3,2756,931,72,4673,80,1
253,3,4,2,3,3,19033,989,46,6499,80,1
254,2,3,4,3,4,18722,692,61,13339,80,0
256,3,4,3,2,2,9547,1069,45,14074,80,0
258,2,4,3,3,3,13734,313,98,7192,80,0
259,3,3,1,3,2,19999,699,65,5678,80,1
260,2,4,4,2,3,2279,894,99,11781,80,0
261,3,2,1,3,2,5916,556,50,15497,80,0
262,4,4,4,4,4,2089,1344,37,5228,80,3
264,4,1,4,3,2,16792,1195,65,20462,80,1
267,1,2,1,2,4,3564,290,65,22977,80,1
269,2,2,4,3,3,4425,138,37,15986,80,0
270,3,3,2,3,3,5265,926,36,16439,80,1
271,3,4,2,3,3,6553,1261,88,7259,80,0
273,4,4,1,1,3,6261,1084,54,4185,80,1
274,1,3,3,3,2,4298,472,60,9679,80,1
275,4,4,1,3,3,6804,1002,92,23793,80,2
277,3,4,4,4,3,3815,878,43,5972,80,1
281,4,3,3,4,3,2741,905,99,16523,80,1
282,1,2,2,3,3,6673,1180,70,11354,80,0
283,4,2,4,2,3,7639,121,35,24525,80,3
284,2,4,1,2,4,2328,1136,60,12392,80,1
286,4,2,1,3,3,2153,635,73,7703,80,0
287,4,4,4,1,2,4876,1151,63,14242,80,1
288,1,4,3,3,3,9396,644,97,12368,80,1
291,4,4,3,2,1,10400,1045,32,25812,80,0
292,3,3,3,3,2,8474,829,88,20925,80,0
293,3,4,4,3,3,9981,1242,90,12916,80,0
296,2,2,4,1,2,12490,1469,81,15736,80,2
297,1,4,3,3,3,2657,1005,88,8556,80,0
298,4,4,3,3,3,13591,896,75,14674,80,0
299,1,3,3,2,2,6696,334,52,22967,80,0
300,3,3,4,2,3,2058,992,85,19757,80,0
302,4,4,4,3,2,8865,1052,57,16840,80,0
303,1,4,4,3,3,5940,1147,52,17011,80,1
304,2,4,4,4,3,5914,1396,62,9945,80,0
305,2,3,4,3,2,2622,147,47,13248,80,0
306,4,2,3,3,3,12185,663,47,10056,80,3
307,3,1,3,2,3,10609,119,76,9647,80,2
308,3,3,4,3,1,4345,979,90,4381,80,1
309,4,3,1,3,2,2177,142,70,8456,80,1
311,4,1,3,3,3,2793,319,41,2539,80,1
312,4,2,4,3,3,7918,1413,42,6599,80,1
314,3,3,1,4,3,8789,944,92,9096,80,0
315,4,3,3,2,2,2389,896,86,14961,80,0
316,4,3,2,2,2,3212,1323,89,3300,80,0
319,4,3,4,3,3,19232,532,58,4933,80,0
321,3,2,4,2,3,2267,818,52,25657,80,0
323,4,4,3,2,3,19517,854,68,24118,80,1
325,4,3,3,1,3,2436,813,58,22149,80,1
327,4,4,3,3,3,16064,1034,80,7744,80,1
328,1,1,1,4,3,2707,465,39,21509,80,0
329,3,1,4,4,2,19068,771,79,21030,80,0
330,2,3,1,3,3,3931,1401,56,20990,80,1
331,3,4,4,1,2,3730,515,62,9571,80,0
332,3,3,3,3,3,2232,1431,96,15417,80,3
333,4,3,1,3,3,4465,976,100,12069,80,0
334,1,3,1,2,3,3072,1411,36,19877,80,2
335,4,1,1,3,3,3319,1300,62,24447,80,2
336,4,3,3,3,4,19202,252,70,15970,80,1
337,3,2,1,3,3,13675,1327,73,13523,80,1
338,4,3,3,2,2,2911,832,63,14776,80,1
339,1,4,2,3,2,5957,470,84,23687,80,1
340,1,3,1,2,2,3920,1017,83,18697,80,1
341,3,1,4,3,4,6434,1199,77,5118,80,1
342,3,1,2,3,3,10048,504,61,22573,80,2
343,3,3,4,3,3,10938,505,64,6420,80,0
346,4,3,1,3,3,2340,665,60,22673,80,0
347,1,4,3,3,4,6545,916,82,23016,80,0
349,4,4,4,3,3,6931,1247,45,10732,80,1
350,3,1,4,3,3,4898,685,62,7505,80,2
351,1,4,3,3,2,2593,269,56,8007,80,1
352,3,1,4,3,3,19436,1416,49,5949,80,1
353,4,3,2,2,3,2723,833,96,23231,80,0
355,2,3,2,4,2,3479,307,71,11652,80,0
359,2,2,3,1,4,2794,1311,100,26062,80,0
361,4,4,4,3,2,5249,1327,39,19682,80,1
362,1,4,4,3,2,2176,128,84,19737,80,0
363,2,3,2,2,1,16872,488,75,14977,80,1
364,3,1,3,1,3,3485,529,79,14935,80,0
366,2,1,2,3,2,6644,1210,78,3687,80,2
367,4,2,2,3,2,5582,1463,64,14408,80,1
369,1,2,4,3,4,4000,675,85,18384,80,2
372,4,3,2,3,3,13496,1385,79,7501,80,0
373,4,4,3,3,3,3210,1403,47,20251,80,1
374,1,4,3,3,3,19045,452,81,18938,80,0
376,2,1,4,2,3,11849,666,88,10268,80,1
377,4,4,4,2,3,2070,1158,94,2613,80,1
378,4,3,2,4,3,6502,228,98,22825,80,1
379,3,4,1,4,2,3230,996,100,10531,80,0
380,4,1,1,3,3,13603,728,80,11677,80,2
381,2,2,2,2,4,11996,1315,71,19100,80,1
382,1,1,3,3,4,5605,322,44,19191,80,1
384,2,3,1,1,3,6397,1479,84,26767,80,1
385,2,1,1,2,3,19144,797,96,15815,80,2
386,3,3,4,2,3,17584,1070,45,21016,80,3
387,3,2,3,3,3,4907,635,99,24532,80,0
388,4,2,1,2,3,4554,442,44,20260,80,0
389,4,2,4,3,3,5415,147,37,15972,80,1
390,1,1,3,3,3,4741,496,60,22722,80,1
391,4,4,2,3,3,2115,1372,42,15881,80,0
392,3,4,4,1,3,3161,920,43,19920,80,1
393,4,4,2,3,3,5745,688,82,18899,80,1
394,2,1,4,3,3,2373,1449,45,14180,80,1
395,4,4,4,3,3,3310,1117,66,4488,80,0
396,1,3,4,3,3,18665,636,35,25594,80,0
397,2,3,4,3,3,4485,506,30,26285,80,0
399,2,4,3,2,3,2789,444,84,3909,80,1
401,4,4,2,3,2,5828,950,48,8450,80,0
403,4,2,3,2,3,2326,889,53,11411,80,3
404,2,3,4,4,3,13525,555,77,14864,80,1
405,3,3,3,3,3,1420,230,54,25233,80,0
406,2,3,3,2,3,8020,1232,96,5100,80,2
407,4,3,4,3,4,3688,566,81,7122,80,2
408,2,4,4,3,1,5482,1302,84,16321,80,1
410,2,4,2,3,3,16015,334,88,15896,80,0
411,3,4,1,3,2,1200,812,69,9724,80,0
412,1,2,3,3,4,5661,1476,68,4824,80,0
416,4,2,2,2,4,6929,218,100,12241,80,1
417,4,3,1,2,4,9613,1132,48,10942,80,3
419,2,2,3,3,3,5674,1105,47,6927,80,1
420,3,4,3,2,2,5484,906,91,16985,80,1
421,2,1,3,3,2,12061,849,81,26707,80,1
422,3,4,4,3,1,5660,390,32,17056,80,1
423,4,3,3,3,3,4821,691,86,10077,80,1
424,1,1,4,3,2,6410,106,62,17822,80,0
425,1,1,1,3,3,5210,1249,97,20308,80,1
426,4,3,2,1,3,2695,192,32,7747,80,1
428,2,4,2,3,3,11878,553,74,23364,80,2
429,1,3,4,3,3,17068,117,99,5355,80,0
430,4,3,1,3,3,2455,185,33,10675,80,0
431,3,3,4,3,2,13964,1091,90,17810,80,0
433,2,3,1,2,2,4941,723,85,17747,80,0
434,2,3,2,2,3,2478,1220,85,20938,80,0
436,2,3,4,3,2,5228,588,65,24624,80,0
437,3,4,1,3,3,4478,1377,74,5242,80,0
438,4,4,4,3,3,7547,691,73,7143,80,3
439,4,1,3,2,4,5055,1018,74,10557,80,0
440,4,1,4,2,1,3464,1157,84,24737,80,0
441,4,4,4,3,3,5775,1275,64,11934,80,2
442,3,3,1,3,2,8943,798,48,14034,80,1
444,4,3,1,3,2,19272,672,54,21141,80,1
445,3,4,1,2,3,5238,1162,41,17778,80,0
446,4,2,3,2,2,4682,508,46,4317,80,0
447,3,4,2,3,3,18300,1482,42,16375,80,1
448,3,3,2,4,2,5257,559,82,6227,80,1
449,2,3,4,3,3,6349,210,73,22107,80,1
450,3,4,4,2,3,4869,928,31,16885,80,0
451,1,3,1,2,3,9985,1001,43,9262,80,1
452,4,4,1,3,3,3697,549,75,9278,80,2
453,4,2,3,2,1,7457,1124,57,13273,80,3
454,1,2,4,2,1,2119,318,77,4759,80,0
455,4,2,3,3,2,3983,738,30,7621,80,0
456,3,4,3,3,2,6118,570,30,5431,80,3
458,2,2,1,3,3,6214,1130,56,3415,80,1
460,4,4,3,2,3,6347,1192,61,23177,80,2
461,4,3,2,3,2,11510,343,92,15682,80,1
462,4,3,3,2,3,7143,1232,39,25713,80,0
463,2,4,1,3,2,8268,144,39,11866,80,2
464,2,3,4,3,3,8095,1296,62,18264,80,0
465,4,3,3,2,3,2904,1309,83,16092,80,2
466,2,4,4,3,2,6032,483,95,10110,80,0
467,3,2,1,3,3,2976,1309,99,25751,80,0
468,4,1,2,3,3,15992,810,44,15901,80,0
469,3,4,1,2,3,4649,746,61,16928,80,1
470,3,3,3,3,3,2696,544,52,24017,80,1
471,2,3,3,3,3,2370,1062,75,3956,80,1
473,3,1,2,1,3,12504,530,91,23978,80,1
474,1,3,1,3,4,5974,1319,51,17001,80,2
475,3,4,2,4,3,4736,641,85,6069,80,1
476,3,3,2,3,3,5296,933,57,20156,80,1
477,4,1,2,3,2,6781,1332,98,17078,80,0
478,2,1,3,3,2,2174,756,99,9150,80,0
479,4,4,2,3,3,6653,845,45,15276,80,0
481,4,1,1,3,2,9699,541,48,7246,80,1
482,3,4,3,3,3,6755,593,88,2967,80,0
483,3,4,3,3,4,2213,1171,46,22495,80,1
484,4,1,3,2,3,2610,895,39,2851,80,0
485,3,4,2,3,3,2851,350,34,9150,80,0
486,1,3,2,3,3,3452,921,98,17663,80,1
487,3,3,3,4,3,5258,1144,30,16044,80,0
488,2,1,3,3,3,9355,143,56,9558,80,0
491,4,4,4,3,2,10496,1046,100,2755,80,0
492,3,3,1,3,2,6380,575,68,6110,80,2
493,2,3,4,3,2,2657,408,42,7551,80,0
494,2,3,4,3,4,2716,156,90,25422,80,0
495,4,4,4,3,3,2201,1283,54,18168,80,0
496,2,3,3,3,2,6540,755,97,19394,80,0
497,2,4,2,3,3,3816,1469,82,17881,80,1
498,4,2,4,3,3,5253,304,92,20750,80,0
499,3,2,3,3,2,10965,1261,31,12066,80,0
500,4,3,3,2,3,4936,1178,87,14862,80,1
501,3,4,2,3,3,2543,329,96,11868,80,1
502,4,1,2,2,4,5304,1362,67,4652,80,0
505,4,3,3,3,3,16659,1311,97,23258,80,0
507,3,4,4,4,3,4260,1371,77,5915,80,1
508,2,3,1,3,3,2476,202,72,17434,80,1
510,1,3,3,3,3,3102,575,73,6582,80,0
511,2,1,4,3,3,2244,253,43,24440,80,1
513,3,2,2,3,2,7596,164,61,3809,80,2
514,4,3,3,3,3,2285,464,40,3427,80,0
515,1,4,3,2,3,3034,1107,95,26914,80,1
516,2,4,3,3,3,5715,759,46,22553,80,2
517,1,2,2,3,3,2576,201,95,20490,80,1
518,2,3,4,2,3,4197,1305,49,21123,80,0
520,2,1,3,3,2,14336,982,59,4345,80,1
521,3,2,2,3,2,3448,555,78,13436,80,1
522,1,1,3,2,3,19406,821,86,8509,80,1
523,3,3,1,3,3,6538,1381,72,12740,80,1
524,1,2,2,1,3,4306,480,31,4156,80,1
525,4,4,1,3,3,2258,313,61,15238,80,1
526,3,3,4,3,3,4522,1473,74,2227,80,0
527,4,2,2,3,2,4487,891,99,12090,80,0
529,3,2,1,3,3,4449,1063,72,23866,80,2
530,1,4,3,3,2,2218,329,98,16193,80,1
531,3,2,3,3,3,19197,1218,52,8213,80,1
532,1,3,4,2,4,13212,906,86,18256,80,3
533,3,2,2,3,3,6577,1082,83,19558,80,0
534,1,2,3,3,4,8392,645,49,19566,80,1
536,1,3,4,3,3,4558,1300,79,13535,80,1
538,1,1,3,3,3,4031,688,91,9396,80,1
543,3,4,3,3,2,7969,319,39,19609,80,0
544,4,1,4,2,3,2654,192,69,9655,80,2
546,4,4,4,1,3,16555,1490,30,10310,80,0
547,3,1,2,3,3,4556,532,92,12932,80,1
548,4,3,3,3,1,6091,317,43,24793,80,0
549,1,1,4,1,3,19566,422,41,3854,80,0
550,3,3,3,2,3,4810,1485,87,26314,80,1
551,4,4,4,4,2,4523,1368,88,4386,80,3
554,2,1,2,3,3,3202,1448,62,21972,80,0
555,3,4,4,2,1,2351,296,33,12253,80,1
556,4,4,3,3,3,1702,1490,42,12106,80,1
558,3,3,4,3,3,18041,1398,79,13022,80,0
560,4,1,2,1,3,2886,1349,90,3032,80,2
562,4,3,3,1,3,2097,1400,53,16734,80,1
564,3,2,3,3,2,11935,986,93,21526,80,0
565,2,3,2,4,2,2546,408,71,18300,80,0
566,4,1,3,4,2,2564,489,52,18437,80,0
567,1,3,3,3,3,8412,1398,69,2890,80,0
568,4,1,3,2,2,14118,210,56,22102,80,1
569,3,2,2,3,2,17046,1099,88,9314,80,1
571,4,3,3,2,3,2564,1116,49,7181,80,0
573,1,3,4,4,2,10266,1499,80,2845,80,0
574,4,1,3,3,3,5070,983,65,7389,80,3
575,3,1,3,1,3,17861,1009,51,2288,80,0
577,3,4,3,3,1,4230,144,46,19225,80,0
578,3,3,3,3,3,3780,548,42,23428,80,0
579,3,4,3,3,2,2768,1303,62,8416,80,1
580,4,3,3,3,2,9071,1125,94,11563,80,1
581,2,3,4,4,3,10648,1274,33,14394,80,1
582,3,2,4,4,3,13610,1277,56,24619,80,0
584,4,1,1,3,1,3408,587,38,6705,80,3
585,2,4,1,3,3,2983,413,57,18398,80,0
586,3,4,3,3,3,7632,1276,72,14295,80,0
587,3,1,1,3,3,9824,534,66,22908,80,0
590,1,2,3,3,3,9950,988,43,11533,80,3
591,3,2,4,3,3,2093,1474,97,9260,80,1
592,4,2,4,2,3,9980,635,32,15318,80,0
593,3,3,3,3,2,3894,1368,99,9129,80,0
595,4,2,1,3,3,4051,163,37,19658,80,1
597,2,1,4,3,3,16835,1117,83,9873,80,0
599,4,4,4,3,3,6230,267,56,13430,80,0
600,3,2,3,3,3,4717,619,85,18659,80,0
601,3,2,3,3,3,13237,302,75,20364,80,0
602,3,3,1,3,3,3755,443,48,17872,80,1
604,4,2,3,4,3,6582,828,77,8346,80,0
605,1,4,4,2,3,7406,319,56,6950,80,1
606,2,4,2,4,3,4805,561,61,16177,80,1
608,3,2,2,2,3,2741,426,58,22808,80,1
611,4,4,2,4,3,4262,232,34,22645,80,2
612,3,1,3,3,4,16184,922,95,22578,80,1
613,4,3,3,2,2,11557,688,44,25291,80,1
614,2,2,4,3,3,1878,1306,69,8059,80,0
615,1,3,3,3,1,10932,1094,58,11373,80,1
616,3,1,1,3,2,6811,509,62,2112,80,0
618,3,1,1,3,3,4306,775,45,4267,80,2
620,3,1,4,3,3,4859,195,80,6698,80,0
621,4,4,4,3,4,5337,258,74,19921,80,0
622,4,3,2,1,1,2340,471,66,23213,80,0
623,4,2,4,4,3,7491,799,59,23848,80,0
624,3,1,4,2,3,10527,1034,86,8984,80,0
625,1,2,2,3,3,16595,1276,91,5626,80,1
626,2,1,4,3,3,8834,142,69,24666,80,1
630,1,4,2,3,3,5577,956,78,22087,80,2
631,3,4,4,3,4,4707,1474,60,23914,80,0
632,4,4,3,3,3,2400,535,38,5530,80,2
634,3,3,3,3,3,9824,1495,76,22174,80,1
635,2,2,2,2,3,6447,446,65,15701,80,1
638,3,4,3,3,2,19502,1245,58,2125,80,1
639,4,2,2,3,4,2725,691,89,21630,80,2
641,2,1,4,4,3,6272,703,66,7428,80,2
643,2,4,4,3,2,2127,823,94,9100,80,1
644,2,1,3,3,3,18200,1246,99,7999,80,1
645,3,2,3,3,3,2096,622,40,26376,80,0
647,3,1,4,3,3,2886,1287,55,14168,80,1
648,1,2,3,4,2,2033,448,74,14470,80,1
649,4,2,4,3,2,3622,254,83,22794,80,1
650,1,2,3,1,3,4233,1365,46,11512,80,0
652,4,1,4,3,2,3681,538,54,14004,80,0
653,4,1,4,4,4,5460,525,66,6219,80,2
655,3,1,3,2,2,2187,798,66,5013,80,2
656,3,4,3,2,3,9602,558,75,3010,80,1
657,2,4,4,4,2,2836,959,83,11757,80,0
659,4,3,2,3,3,4089,622,81,5718,80,2
661,4,2,3,2,2,16627,782,50,2671,80,1
662,1,3,4,2,3,2619,362,43,14561,80,0
663,3,4,2,3,3,5679,1001,72,19627,80,1
664,1,4,1,1,2,15402,1236,40,17997,80,1
665,3,1,2,4,2,5985,1112,50,26894,80,0
666,3,3,4,3,3,2579,204,31,2912,80,2
667,1,3,2,3,3,3041,1420,85,16346,80,1
669,3,3,3,3,3,3447,1343,49,24444,80,0
671,4,4,1,4,3,19513,1315,35,9358,80,1
675,3,1,4,3,3,2773,604,69,12145,80,0
677,3,3,4,3,3,7104,1216,39,20431,80,0
679,4,1,4,2,3,6322,646,92,18089,80,1
680,3,3,3,3,3,2083,160,71,22653,80,1
682,1,4,4,4,3,8381,238,34,7507,80,0
683,4,2,4,2,3,2691,1397,42,7660,80,1
684,1,1,4,3,3,4286,306,100,5630,80,2
686,4,3,3,3,3,2659,991,71,17759,80,1
689,3,3,3,3,3,9434,482,36,9606,80,1
690,3,2,1,2,3,5561,1176,62,3487,80,1
691,4,2,2,3,1,6646,1017,82,19368,80,0
692,4,3,3,1,3,7725,1296,30,5335,80,1
698,2,3,3,4,3,10725,397,88,6729,80,1
699,2,2,3,3,2,8847,913,48,13934,80,1
700,4,1,4,3,2,2045,1115,54,15174,80,0
701,3,4,4,3,3,1009,1362,32,26999,80,0
702,1,1,1,3,3,3348,1076,70,3164,80,0
704,3,3,3,3,2,1281,727,41,16900,80,2
705,1,1,1,4,4,2819,885,58,8544,80,1
707,2,4,3,3,4,4851,810,57,15678,80,1
709,4,4,1,3,2,4028,243,46,7791,80,0
710,4,2,4,3,1,2720,806,76,18959,80,1
712,2,2,4,3,4,8120,817,56,18597,80,0
714,4,4,2,3,4,4647,1410,71,16673,80,2
715,4,4,1,3,4,4680,1225,80,15232,80,0
716,3,4,3,3,4,3221,1207,74,3297,80,3
717,2,4,2,4,2,8621,1442,46,17654,80,0
720,3,1,1,3,3,4577,693,65,24785,80,0
721,3,4,1,3,2,4553,408,80,20978,80,0
722,4,4,4,2,3,5396,929,55,21703,80,0
723,3,2,1,3,3,6796,562,50,23452,80,1
724,4,2,3,2,4,7625,827,33,19383,80,0
725,1,3,4,3,3,7412,608,68,6009,80,0
727,4,3,4,3,3,11159,1018,39,19373,80,0
728,1,4,4,3,3,4960,703,42,11825,80,0
729,1,4,3,3,2,10475,580,48,23772,80,1
730,3,3,3,3,4,14814,970,59,13514,80,0
731,4,2,2,2,2,19141,427,73,8861,80,3
732,1,1,4,3,3,5405,1179,84,11924,80,0
733,1,4,3,2,3,8793,294,32,4809,80,2
734,3,4,2,3,2,19189,314,59,19562,80,1
738,2,4,4,3,3,3875,316,54,9983,80,1
741,2,1,4,3,1,2216,654,67,3872,80,0
742,1,1,1,3,4,11713,427,63,20335,80,1
743,3,3,4,4,3,7861,168,81,15397,80,0
744,3,1,3,3,1,3708,381,49,2104,80,0
746,3,4,4,2,3,13770,217,49,10225,80,2
747,4,3,4,2,3,5304,501,99,25275,80,1
749,3,3,3,3,3,2642,1396,99,2755,80,0
752,3,3,4,3,4,2759,933,57,20366,80,0
754,4,4,3,3,2,6804,775,47,23683,80,1
757,3,2,4,3,3,6142,970,96,7360,80,0
758,1,2,4,4,3,2500,650,37,4344,80,1
760,2,3,3,1,4,6389,141,44,18767,80,1
762,4,3,3,2,3,11103,832,81,20420,80,0
763,4,4,4,2,2,2342,804,86,22929,80,0
764,1,4,1,1,2,6811,975,55,23398,80,0
766,2,4,4,3,3,2297,1090,83,17967,80,2
769,4,4,4,3,3,2450,346,86,10919,80,0
771,1,4,1,4,3,5093,1225,61,4761,80,1
772,4,1,4,3,3,5309,430,80,21146,80,2
773,3,4,2,1,3,3057,268,92,20471,80,1
775,1,2,3,3,3,5121,167,32,4187,80,1
776,1,3,1,4,2,16856,621,31,10084,80,0
780,4,4,3,2,3,2686,527,63,5207,80,0
781,4,3,2,2,3,6180,883,32,22807,80,0
783,3,2,1,3,1,6632,954,46,12388,80,0
784,3,1,4,3,4,3505,310,79,19630,80,0
785,3,2,4,3,4,6397,719,77,10339,80,0
786,4,4,3,3,3,6274,304,60,18686,80,0
787,1,4,4,3,3,19859,725,78,21199,80,1
789,1,1,2,3,2,7587,1434,76,14229,80,0
791,4,4,1,3,3,4258,715,41,26589,80,1
792,4,1,1,3,1,4364,575,71,5288,80,1
793,3,2,1,2,3,4335,657,66,25549,80,1
796,1,4,3,2,2,5326,1146,38,3064,80,0
797,4,2,3,3,4,3280,182,72,13551,80,0
799,1,4,2,3,3,5485,376,95,22670,80,2
800,4,3,2,3,3,4342,829,84,24008,80,1
802,1,4,2,2,3,2782,571,82,19905,80,2
803,1,1,4,3,4,5980,240,75,26085,80,0
804,1,3,3,3,2,4381,121,86,7530,80,0
805,4,1,2,2,3,2572,384,72,20317,80,1
806,3,4,3,3,1,3833,921,38,24375,80,2
807,2,3,4,3,4,4244,791,38,9931,80,1
808,1,3,2,3,3,6500,1111,93,13305,80,1
809,4,2,2,2,3,18430,570,66,16225,80,1
811,1,3,3,3,4,1601,1243,63,3445,80,2
812,2,3,3,3,2,2694,1092,60,26551,80,3
813,3,4,2,3,3,3149,1325,82,21821,80,1
815,3,3,4,3,3,17639,691,64,6881,80,0
816,1,2,4,3,2,2319,805,36,6689,80,1
817,3,3,4,4,3,11691,213,49,25995,80,0
819,1,1,3,3,3,5324,118,69,26507,80,0
820,4,3,3,2,3,16752,202,33,12982,80,1
823,2,3,1,3,3,5228,676,35,23361,80,1
824,3,3,3,3,4,2700,1252,81,23779,80,1
825,2,4,4,3,3,19246,286,31,25761,80,0
826,3,4,3,3,4,2506,1258,40,13301,80,0
827,4,4,4,3,2,6062,932,43,4051,80,1
828,3,3,4,2,3,4382,890,46,16374,80,0
829,2,3,2,3,3,2143,1041,36,25527,80,1
830,3,3,3,3,2,6162,859,98,19124,80,1
832,3,1,4,3,2,5094,720,51,11983,80,0
833,4,3,2,2,2,6877,946,52,20234,80,0
834,3,2,4,3,2,2274,252,95,6153,80,0
836,2,2,4,2,3,4434,933,98,11806,80,1
837,1,1,3,2,2,6288,471,45,4284,80,1
838,4,3,3,3,2,2553,702,100,8306,80,0
840,4,3,1,4,3,7654,1184,43,5860,80,2
842,4,3,3,2,3,5160,436,37,21519,80,0
843,1,2,3,3,3,17159,589,94,5200,80,1
844,4,3,2,3,2,12808,269,42,8842,80,1
845,3,3,2,4,3,10221,950,59,18869,80,0
846,2,2,1,3,3,4779,760,81,3698,80,0
847,4,3,3,1,3,3737,829,88,2243,80,1
848,3,3,1,3,2,2366,887,88,20898,80,1
850,4,4,3,2,3,1706,443,50,16571,80,3
851,3,1,3,2,3,16307,1318,66,5594,80,1
852,2,4,4,2,3,5933,625,50,5197,80,0
854,1,1,3,2,4,3424,180,65,21632,80,0
855,1,1,1,3,4,4037,586,48,21816,80,1
856,1,3,4,2,2,2559,1343,53,17852,80,0
857,4,2,4,2,3,6201,928,56,2823,80,1
859,4,2,3,2,3,4403,117,73,9250,80,1
861,4,2,2,2,2,3761,1012,75,2373,80,1
862,4,1,4,3,2,10934,661,78,20715,80,1
864,1,4,3,3,3,10761,930,74,19239,80,1
865,3,3,3,2,4,5175,638,91,22162,80,1
867,4,3,3,3,2,13826,890,81,19028,80,0
868,3,4,4,3,2,6334,342,66,24558,80,2
869,4,2,4,3,2,4936,1169,63,23965,80,1
872,4,4,1,1,2,4775,1230,33,19146,80,2
874,4,1,3,2,4,2818,986,62,5044,80,1
875,4,2,4,3,3,2515,1271,35,9068,80,0
878,1,1,3,3,2,2342,1278,77,8635,80,0
879,1,3,4,3,3,4194,141,98,14363,80,0
880,3,4,2,3,2,10685,607,66,23457,80,1
881,2,4,1,2,3,2022,130,96,16612,80,1
882,4,4,2,3,3,2314,300,61,9148,80,1
885,1,3,1,4,2,4256,583,87,18154,80,0
887,1,3,2,3,3,3580,1418,36,10554,80,1
888,4,1,4,2,2,3162,1269,46,10778,80,0
889,2,2,4,3,3,6524,379,48,8891,80,1
893,2,2,4,3,2,2899,395,98,12102,80,1
894,4,3,2,2,4,5231,1265,95,23726,80,1
895,4,4,2,3,3,2356,1222,48,14871,80,1
896,3,2,3,3,2,2800,341,48,23522,80,3
897,4,1,3,3,3,11836,868,73,22789,80,1
899,2,4,1,3,2,10903,672,78,9129,80,0
900,4,3,2,3,3,2973,1231,54,21222,80,1
901,4,4,3,3,3,14275,102,72,20206,80,0
902,4,4,2,2,3,5562,422,33,21782,80,1
903,4,3,1,3,3,4537,249,35,17783,80,1
904,2,1,4,3,3,7642,1252,32,4814,80,0
905,1,1,4,3,3,17924,881,98,4544,80,1
909,4,4,3,3,2,5204,1383,42,7790,80,2
910,2,4,3,4,3,2277,1075,57,22650,80,1
911,4,1,3,1,3,2795,374,87,18016,80,0
912,4,1,3,3,2,2532,1086,62,6054,80,3
913,1,2,4,3,3,2559,661,61,7508,80,0
916,4,1,2,3,3,4908,821,98,24252,80,0
918,4,4,4,2,2,2380,781,57,13384,80,1
920,2,1,3,4,3,4765,177,55,23814,80,1
922,3,3,4,2,2,2044,500,49,22052,80,0
923,4,4,1,2,3,2693,1427,65,8870,80,0
924,4,3,1,2,3,6586,1425,68,4821,80,1
925,4,4,1,2,2,3294,1454,65,13137,80,0
926,3,2,1,4,3,4171,617,34,10022,80,1
927,4,2,3,2,1,2778,1085,57,17725,80,1
930,3,3,2,3,3,2377,995,77,9834,80,1
932,1,4,4,1,3,2404,1122,70,4303,80,0
933,3,2,3,3,3,2318,618,76,17808,80,0
934,2,2,2,3,3,2008,546,83,6896,80,2
936,3,3,1,3,2,6244,462,68,7824,80,0
939,1,3,2,3,2,2799,1198,100,3339,80,0
940,2,3,4,3,2,10552,1272,37,9255,80,1
941,3,2,2,4,2,2329,154,41,11737,80,0
942,4,4,4,1,3,4014,1137,51,19170,80,1
944,2,1,3,2,3,7403,527,51,22477,80,1
945,3,4,1,2,3,2259,1469,51,5543,80,2
947,3,4,4,2,3,6932,1188,45,24406,80,1
949,4,2,3,3,3,4678,188,65,23293,80,0
950,1,4,2,3,3,13582,1333,80,16292,80,1
951,2,3,3,3,2,2332,1184,70,3974,80,0
952,2,3,3,3,2,2413,867,36,18798,80,3
954,2,1,2,2,2,9705,658,67,20652,80,1
956,1,3,2,3,2,4294,1283,52,11148,80,0
957,1,4,3,3,3,4721,263,59,3119,80,0
958,3,3,3,3,3,2519,938,79,12287,80,0
959,2,4,2,4,2,2121,419,37,9947,80,0
960,1,1,2,3,3,2973,129,84,13008,80,0
961,4,4,3,1,3,5855,616,41,17369,80,2
964,2,4,4,3,3,3617,1469,35,25063,80,1
966,1,3,3,4,3,6725,498,93,13554,80,1
967,4,3,1,3,2,10325,530,51,5518,80,1
969,4,2,1,3,2,6949,1069,42,12291,80,0
970,3,1,3,1,2,10609,625,46,14922,80,0
972,2,3,2,2,3,4447,805,57,23163,80,0
974,4,3,2,3,3,2157,1404,84,18203,80,1
975,3,3,2,3,3,4601,1219,86,6179,80,0
976,4,4,2,2,3,17099,1053,70,13829,80,1
977,3,4,1,3,3,2479,289,51,26227,80,0
981,3,3,3,4,3,14852,1376,45,13938,80,1
982,3,3,1,4,3,7264,231,62,9977,80,1
983,4,3,2,3,3,5666,152,85,19899,80,0
984,4,4,2,3,3,7823,882,92,6812,80,1
985,3,1,4,3,4,7880,903,41,2560,80,0
986,2,2,4,2,4,13194,1479,100,17071,80,0
987,3,3,3,4,4,5067,1379,64,6759,80,0
990,4,1,4,3,3,5079,1229,84,25952,80,2
991,1,3,1,3,2,2321,335,46,10322,80,0
992,3,4,4,3,3,17444,722,38,20489,80,0
994,1,4,3,3,2,2404,906,92,11479,80,0
995,4,2,1,3,3,3452,461,53,17241,80,0
996,4,4,4,3,3,2270,974,91,11005,80,2
997,4,4,3,2,3,17399,1126,66,6615,80,1
998,2,3,1,3,4,5488,827,84,20161,80,1
999,3,1,2,4,3,19419,840,64,3735,80,1
1001,2,3,2,3,3,2811,1134,37,12086,80,1
1002,1,4,3,3,3,3633,248,42,14039,80,1
1003,4,4,3,3,3,4163,955,83,8571,80,0
1004,3,1,2,3,3,2132,138,48,11539,80,0
1005,3,4,4,3,3,13973,939,95,4161,80,1
1006,3,3,2,2,3,2684,1391,66,12127,80,1
1007,3,4,2,3,3,10845,566,75,24208,80,1
1009,3,4,2,3,2,4377,1206,41,24117,80,2
1010,2,3,4,1,2,3743,622,39,10074,80,1
1011,1,3,3,3,3,4148,853,96,11275,80,1
1012,4,2,4,3,3,1051,287,73,13493,80,0
1013,3,3,3,3,3,10739,1441,56,13943,80,1
1014,3,3,3,2,3,10388,583,57,6975,80,1
1015,1,2,3,2,4,11416,153,73,17802,80,3
1016,1,4,1,3,2,2600,1097,98,18275,80,0
1017,2,2,1,3,3,2422,109,60,25725,80,0
1018,4,4,2,3,4,5472,1066,32,3334,80,0
1019,1,2,1,2,1,2451,217,94,6881,80,1
1022,3,1,4,3,2,4240,277,97,13119,80,0
1024,3,3,2,3,2,10999,1355,78,22245,80,0
1025,3,4,2,3,3,5003,549,42,23371,80,0
1026,4,4,3,3,2,12742,466,65,7060,80,1
1027,4,1,2,3,3,4227,1055,47,4658,80,1
1028,4,2,1,2,3,3917,802,45,9541,80,1
1029,3,4,2,4,3,18303,265,90,7770,80,0
1030,4,1,2,3,3,2380,804,64,20165,80,0
1032,4,3,1,3,2,13726,715,69,21829,80,0
1033,2,1,1,1,1,4777,1141,61,14382,80,0
1034,2,3,4,3,3,6385,135,62,12992,80,2
1035,3,2,2,3,1,19973,247,55,20284,80,2
1036,4,2,3,3,3,6861,1035,42,4981,80,0
1037,1,2,4,3,1,4969,265,79,21813,80,0
1038,4,1,4,3,1,19845,266,57,25846,80,1
1039,4,4,3,3,4,13320,1448,53,11737,80,1
1040,3,4,1,3,3,6347,145,95,24920,80,1
1042,1,3,3,3,4,2743,885,43,8269,80,0
1043,1,4,3,3,3,10880,945,82,5083,80,0
1044,4,2,4,2,2,2342,1038,88,21437,80,0
1045,4,4,2,4,3,17650,1234,90,5404,80,1
1046,3,4,2,3,3,4025,1109,69,11135,80,0
1047,4,2,4,2,4,9725,216,75,12278,80,1
1048,4,2,3,1,3,11904,1089,66,11038,80,1
1049,2,2,1,3,3,2177,788,36,8318,80,0
1050,2,3,1,3,2,7525,124,38,23537,80,1
1052,3,1,2,2,3,4834,660,81,7858,80,1
1053,1,1,2,3,3,2042,342,57,15346,80,1
1055,3,3,4,3,3,2220,1333,87,18410,80,1
1056,2,4,2,3,3,1052,1144,74,23384,80,0
1060,3,3,1,3,3,2821,1186,44,2997,80,1
1061,3,2,4,2,3,19237,1464,62,12853,80,1
1062,2,4,1,2,3,4107,124,35,13848,80,0
1066,1,3,2,2,3,8396,300,74,22217,80,1
1068,3,1,3,3,2,2007,921,66,25265,80,2
1069,4,4,4,3,3,19627,430,40,21445,80,2
1070,3,3,2,3,2,10686,1082,41,8392,80,1
1071,3,1,2,3,3,2942,1240,63,12154,80,1
1073,4,4,2,2,2,8858,796,51,15669,80,0
1074,1,3,2,4,2,16756,444,40,17323,80,0
1076,4,3,3,3,2,10798,415,79,5268,80,1
1077,4,4,2,3,3,2323,769,54,17205,80,0
1079,1,3,1,2,2,1416,1334,36,17258,80,0
1080,1,4,1,3,2,4615,1003,74,21029,80,3
1081,3,1,3,4,3,2461,1323,34,10332,80,3
1082,1,2,1,2,2,8722,1366,72,12355,80,0
1083,1,1,1,3,2,3955,192,59,11141,80,2
1084,1,3,3,2,3,9957,1176,85,9096,80,1
1085,3,2,3,3,4,3376,509,43,18863,80,0
1088,3,3,1,2,2,8823,330,65,24608,80,1
1092,4,1,4,3,3,10322,1492,61,26542,80,1
1094,3,1,4,3,1,4621,1277,87,5869,80,3
1096,2,4,2,3,3,10976,1091,65,15813,80,1
1097,3,3,4,4,3,3660,857,59,7909,80,0
1098,1,2,4,3,2,10482,1376,91,2326,80,1
1099,4,4,3,3,2,7119,654,34,21214,80,1
1100,1,4,1,3,3,9582,1204,86,10333,80,0
1101,3,1,2,3,2,4508,827,54,3129,80,0
1102,3,1,4,2,3,2207,895,50,22482,80,1
1103,4,1,3,2,3,7756,618,45,22266,80,0
1105,4,4,3,3,2,6694,309,88,24223,80,3
1106,4,4,2,4,3,3691,1219,32,4605,80,1
1107,3,1,3,2,3,2377,1330,37,19373,80,1
1108,2,1,2,3,2,2313,1017,55,2993,80,0
1109,1,4,4,3,3,17665,469,35,14399,80,1
1111,2,1,1,3,2,2596,1009,45,7160,80,2
1113,3,4,4,3,3,4728,959,81,17251,80,0
1114,2,4,3,3,3,4302,970,30,13401,80,1
1115,4,3,4,3,2,2979,697,40,22478,80,3
1116,4,1,3,2,4,16885,1262,35,16154,80,0
1117,3,2,4,3,2,5593,1050,65,17970,80,1
1118,2,2,4,3,3,10445,994,87,15322,80,0
1119,3,3,2,3,2,8740,770,73,5569,80,2
1120,4,3,1,3,3,2514,1107,93,26968,80,1
1121,2,4,2,2,3,7655,950,93,8039,80,3
1124,3,1,4,3,3,17465,406,52,15596,80,1
1125,2,4,3,3,3,7351,130,32,20619,80,0
1126,1,3,3,3,3,10820,1082,83,11535,80,1
1127,4,1,4,3,3,12169,203,84,13547,80,3
1128,3,3,1,4,2,19626,1308,44,17544,80,0
1131,2,4,3,4,2,2070,984,70,25326,80,0
1132,2,3,3,2,3,6782,439,70,8770,80,0
1133,4,1,1,3,3,7779,217,78,23238,80,0
1135,4,3,1,3,4,2791,793,67,21981,80,1
1136,2,1,1,1,2,3201,1451,67,19911,80,0
1137,4,4,4,3,3,4968,1182,54,18500,80,1
1138,2,4,2,3,2,13120,174,56,11879,80,1
1140,3,4,4,2,3,4033,1003,95,15834,80,0
1143,2,4,4,2,3,3291,490,61,17940,80,2
1148,4,2,1,3,1,4272,188,56,9558,80,0
1150,4,2,3,2,2,5056,718,79,17689,80,1
1152,3,3,4,4,4,2844,433,37,6004,80,1
1154,3,3,4,3,2,2703,773,39,22088,80,1
1156,3,3,4,3,3,1904,247,80,13556,80,0
1157,1,1,1,3,3,8224,603,77,18385,80,0
1158,4,2,1,3,3,4766,167,46,9051,80,1
1160,3,3,3,2,3,2610,874,72,6233,80,1
1161,4,3,3,3,2,5731,367,52,17171,80,2
1162,3,4,3,3,2,2539,199,55,7950,80,1
1163,3,2,1,2,3,5714,1400,70,5829,80,0
1164,3,3,2,1,3,4323,528,100,7108,80,0
1165,1,4,1,1,2,7336,408,45,11162,80,1
1166,3,2,3,2,3,13499,593,88,13782,80,0
1167,1,3,2,2,3,13758,481,44,2447,80,0
1171,1,2,4,4,3,5155,647,45,2253,80,0
1172,3,4,2,3,2,2258,982,58,16340,80,1
1173,2,4,4,3,3,3597,477,49,6409,80,0
1175,4,3,4,2,3,2515,1485,79,22955,80,0
1177,4,1,2,3,4,4420,1384,82,13421,80,1
1179,3,3,1,3,2,6578,852,72,2706,80,1
1180,4,3,4,1,2,4422,902,92,21203,80,1
1182,2,3,2,4,2,10274,819,44,19588,80,1
1184,1,4,3,3,2,5343,669,97,25755,80,0
1185,4,4,2,4,2,2376,636,47,26537,80,1
1188,3,1,2,2,1,5346,1372,85,9489,80,0
1190,1,3,3,3,3,2827,862,76,14947,80,3
1191,1,4,4,3,3,19943,718,92,18575,80,1
1192,4,2,1,3,3,3131,1401,54,26342,80,1
1193,1,3,3,3,3,2552,645,54,7172,80,0
1195,3,1,3,2,3,4477,1457,83,20100,80,1
1196,4,4,2,2,2,6474,977,56,9961,80,1
1198,3,1,1,2,2,3033,805,87,12828,80,0
1200,3,3,3,3,3,2936,1097,96,10826,80,0
1201,3,4,2,3,3,18606,1223,50,18640,80,1
1202,4,2,1,2,1,2168,942,69,26933,80,1
1203,4,3,2,3,2,2853,1256,48,4223,80,1
1204,1,3,1,3,3,17048,1402,69,24097,80,0
1206,3,4,4,3,1,2290,111,74,4279,80,0
1207,3,2,4,3,3,3600,147,99,8429,80,1
1210,1,1,1,1,2,2107,906,95,20293,80,1
1211,1,3,3,3,3,4115,1329,61,13192,80,3
1212,2,2,4,3,3,4327,1184,62,25440,80,3
1215,1,4,3,3,3,17856,1421,30,9490,80,1
1216,1,4,3,3,2,3196,1179,78,12449,80,3
1217,2,4,1,3,3,19081,1450,52,10849,80,1
1218,1,3,4,3,3,8966,1361,94,21026,80,3
1219,2,4,1,1,3,2210,984,97,3372,80,1
1220,3,2,1,2,3,4539,1146,82,4905,80,1
1221,3,3,3,3,1,2741,917,60,6865,80,1
1224,3,3,1,2,3,3491,853,49,11309,80,3
1225,4,4,2,3,3,4541,200,32,7744,80,0
1226,4,3,4,3,4,2678,654,43,5050,80,0
1228,4,4,3,2,3,7379,150,60,17433,80,1
1231,1,4,1,4,4,6272,179,79,12858,80,1
1233,4,2,2,3,4,5220,696,52,10893,80,1
1234,2,3,3,3,2,2743,116,77,7331,80,1
1235,3,4,4,3,3,4998,1316,38,2338,80,0
1237,1,3,3,3,1,10252,363,77,4235,80,1
1238,4,1,2,3,3,2781,117,60,6311,80,1
1239,2,2,2,4,2,6852,107,84,11591,80,1
1240,4,3,2,3,3,4950,1356,57,20623,80,0
1241,2,4,1,3,3,3579,1465,63,9369,80,1
1242,1,1,3,3,3,13191,458,60,23281,80,0
1243,4,3,2,2,2,10377,1212,78,13755,80,1
1244,1,1,4,2,3,2235,1103,42,14377,80,2
1245,3,4,1,1,3,10502,966,53,9659,80,1
1246,4,1,4,3,4,2011,1117,72,19982,80,1
1248,2,1,2,4,2,1859,504,96,6148,80,0
1249,4,1,1,3,3,3760,1010,97,5598,80,3
1250,4,4,1,3,3,17779,685,85,23474,80,0
1251,1,3,4,2,3,6833,1332,80,17089,80,0
1252,1,3,2,3,2,6812,1062,96,17198,80,0
1254,4,3,4,3,2,5171,326,48,16490,80,0
1255,4,3,2,3,1,19740,920,96,18625,80,1
1256,3,1,3,4,2,18711,1098,85,12124,80,1
1257,2,3,3,2,3,3692,469,46,9256,80,0
1258,2,4,3,2,4,2559,969,76,16620,80,0
1259,3,1,2,3,3,2517,1167,76,3208,80,3
1260,4,3,2,3,3,6623,1329,82,4204,80,2
1263,4,4,3,4,2,18265,715,76,8733,80,0
1264,4,4,2,2,2,16124,694,87,3423,80,2
1265,3,3,4,2,4,2585,1320,89,21643,80,0
1267,2,2,3,3,3,18213,1099,88,8751,80,1
1268,3,4,4,3,4,8380,536,82,21708,80,2
1269,4,2,4,3,4,2994,265,57,21221,80,0
1270,3,4,4,3,3,1223,373,47,16901,80,1
1273,4,3,4,3,1,1118,599,73,8040,80,0
1275,4,3,2,2,3,2875,583,53,9973,80,0
1277,2,1,1,3,1,18824,1449,94,2493,80,0
1278,2,4,4,3,2,13577,177,37,25592,80,1
1279,3,1,3,1,2,2625,251,45,25308,80,0
1280,2,4,3,3,2,18789,168,33,9946,80,1
1281,1,3,4,3,3,4538,131,86,6039,80,0
1282,2,4,1,2,3,19847,237,83,19196,80,1
1283,4,4,4,2,3,10512,1429,67,20002,80,0
1285,2,3,3,4,3,4444,135,46,22534,80,2
1286,3,4,3,2,3,2154,791,44,6842,80,0
1288,1,3,4,2,4,19190,1199,92,17477,80,2
1289,2,3,4,4,2,4490,648,56,21833,80,2
1291,3,3,4,3,3,3506,735,66,6020,80,0
1292,2,2,4,3,4,2372,603,78,5628,80,0
1293,4,4,4,4,2,10231,531,56,20364,80,0
1294,2,3,4,3,3,5410,429,53,2323,80,0
1295,4,1,4,3,3,7978,621,73,14075,80,1
1296,4,4,2,3,2,3867,193,52,14222,80,1
1297,3,2,2,2,2,2838,968,40,4257,80,0
1298,3,3,3,3,3,4695,879,72,12858,80,0
1299,3,2,1,3,3,3339,806,39,17285,80,2
1301,1,4,2,2,3,2080,640,84,4732,80,0
1303,2,4,4,2,3,2096,266,40,18830,80,0
1304,4,3,3,4,4,6209,604,56,11693,80,2
1306,2,2,3,3,3,18061,364,83,13035,80,0
1307,2,3,4,3,2,17123,412,94,17334,80,2
1308,3,1,4,3,3,2372,848,88,26076,80,2
1309,3,4,1,3,3,4883,1089,79,22845,80,1
1310,1,3,1,3,3,3904,360,93,22154,80,0
1311,4,1,1,3,2,4627,1138,48,23631,80,1
1312,3,4,1,3,3,7094,325,63,5747,80,0
1314,1,4,3,4,3,3423,991,44,22957,80,0
1315,4,3,1,3,1,6674,1476,55,16392,80,3
1317,1,4,2,3,3,16880,1322,43,22422,80,0
1318,2,4,3,3,2,9094,299,57,17235,80,0
1319,2,2,3,2,3,8446,1030,64,21534,80,0
1321,1,2,4,3,3,11916,634,95,25927,80,2
1322,3,1,1,3,3,4534,524,32,13352,80,0
1324,3,4,1,2,3,9852,587,57,8935,80,1
1329,2,3,1,3,1,6151,256,40,22074,80,0
1331,2,4,1,4,3,2302,1060,54,8319,80,0
1333,1,1,3,4,3,2362,935,89,14669,80,0
1334,3,3,4,2,3,17861,495,37,26582,80,0
1336,3,4,4,3,1,19187,282,58,6992,80,1
1338,2,4,1,3,3,19717,206,99,4022,80,0
1340,3,3,2,3,3,3544,458,74,8532,80,1
1344,4,4,4,2,3,8500,943,86,5494,80,1
1346,4,3,3,3,3,4661,523,98,22455,80,0
1349,1,3,4,3,3,4103,1018,66,4297,80,1
1350,3,3,2,3,3,4249,482,87,2690,80,0
1352,2,3,2,3,3,14026,770,84,17588,80,1
1355,1,2,4,3,3,6893,1009,31,19461,80,1
1356,1,3,4,4,3,6125,507,66,23553,80,0
1358,4,4,3,2,3,3669,882,67,9075,80,3
1360,1,3,4,2,2,10008,601,53,12023,80,0
1361,2,2,3,3,3,2387,329,88,6762,80,1
1362,1,1,4,2,4,4639,607,83,2261,80,1
1363,4,4,3,3,3,7898,855,54,18706,80,0
1364,4,3,2,3,4,2534,1291,98,6527,80,1
1367,2,4,2,2,2,13142,1405,82,24439,80,0
1368,4,4,3,4,3,1611,1124,97,19305,80,0
1369,4,4,2,3,2,5363,817,60,10846,80,1
1371,4,4,2,3,1,5071,793,43,20392,80,0
1372,3,1,3,2,4,13695,267,85,9277,80,0
1373,2,4,1,3,3,13402,1369,68,18235,80,1
1374,3,1,3,3,2,2029,999,92,15891,80,3
1375,3,2,2,3,4,6377,1202,89,13888,80,3
1377,3,2,1,3,3,5429,285,86,17491,80,2
1379,4,3,3,4,2,2785,703,90,11882,80,0
1380,3,4,3,2,3,4614,662,67,23288,80,1
1382,3,4,4,3,4,2610,693,57,15748,80,3
1383,4,3,4,4,3,6687,404,98,6163,80,0
1387,1,3,3,3,2,4724,736,48,24232,80,1
1389,3,4,4,2,3,6179,330,98,21057,80,2
1390,4,1,4,4,2,6120,1498,44,3567,80,2
1391,2,2,2,3,3,10596,541,52,15395,80,0
1392,4,4,1,2,3,5467,1200,75,13953,80,2
1394,3,3,4,3,3,2996,1439,54,5182,80,0
1395,4,2,1,4,3,9998,1111,61,19293,80,0
1396,2,3,1,2,3,4078,499,36,20497,80,3
1397,3,3,2,3,3,10920,1485,71,3449,80,1
1399,3,1,2,2,4,6232,1372,93,12477,80,0
1401,3,4,2,2,4,13247,322,59,9731,80,1
1402,3,1,1,1,2,4081,930,73,20003,80,0
1403,4,4,4,3,2,5769,205,98,7100,80,0
1405,3,4,4,3,3,2394,135,51,25681,80,0
1407,4,1,4,3,2,3904,683,36,4050,80,0
1408,1,3,3,3,3,16799,1147,31,16616,80,1
1409,1,3,3,1,3,2950,258,54,17363,80,0
1411,3,1,1,3,3,3629,1462,94,19106,80,0
1412,4,3,3,3,3,9362,200,60,19944,80,0
1415,4,1,2,2,3,3229,949,81,4910,80,1
1417,1,3,4,3,4,3578,652,100,23577,80,0
1419,1,2,1,2,2,7988,332,51,9769,80,0
1420,1,1,1,3,2,4284,1475,97,22710,80,0
1421,4,3,1,3,3,7553,337,84,22930,80,0
1422,4,4,4,2,3,17328,971,54,5652,80,0
1423,1,4,3,3,3,19701,1055,76,22456,80,1
1424,4,2,4,4,4,14732,1136,81,12414,80,2
1425,2,1,4,3,3,9278,1174,99,20763,80,0
1427,3,2,2,3,1,1359,667,50,16154,80,0
1428,1,4,2,3,3,4779,855,73,12761,80,2
1430,2,1,3,4,3,16422,182,93,8847,80,0
1431,1,4,3,3,3,2996,560,91,20284,80,2
1433,2,1,3,4,2,1261,202,34,22262,80,0
1434,1,2,2,4,3,2099,1377,91,7679,80,0
1435,4,1,3,2,2,5810,172,37,22604,80,0
1436,1,3,1,2,2,5647,329,98,13494,80,2
1438,4,1,3,2,3,3420,465,74,10205,80,1
1439,1,1,1,3,2,4400,383,68,15182,80,0
1440,3,3,1,1,4,3500,1413,84,25470,80,0
1441,1,1,4,4,3,2066,1255,90,10494,80,1
1443,3,1,2,4,3,17169,359,82,26703,80,2
1445,3,4,3,3,3,4162,1476,42,15211,80,2
1446,4,4,3,2,3,9204,601,97,23343,80,1
1447,2,4,1,2,2,3294,401,86,3708,80,1
1448,3,2,1,2,4,2127,1283,90,5561,80,0
1449,3,3,3,4,3,3975,663,81,23099,80,2
1453,4,1,1,3,3,10793,326,31,8386,80,1
1457,4,1,1,4,3,10096,377,52,15986,80,1
1458,1,1,2,4,2,3646,592,54,17181,80,0
1459,2,3,1,3,4,7446,1445,100,8931,80,0
1460,1,2,2,3,1,10851,1038,95,19863,80,1
1461,2,4,4,3,4,2109,1398,96,24609,80,0
1464,4,2,3,1,3,3722,523,94,21081,80,1
1465,4,2,4,4,3,9380,1448,55,14720,80,2
1466,1,3,1,3,3,5486,1221,96,24795,80,3
1467,3,1,4,3,3,2742,1107,52,3072,80,0
1468,2,4,3,3,2,13757,218,55,25178,80,1
1469,1,4,4,3,3,8463,866,84,23490,80,0
1471,3,3,4,3,2,3162,981,90,7973,80,0
1472,2,4,2,2,4,16598,447,39,19764,80,0
1473,3,1,2,2,3,6651,1495,96,21534,80,1
1474,3,3,3,4,3,2345,896,68,8045,80,1
1475,2,4,3,2,3,3420,1467,49,21158,80,0
1477,1,4,1,3,3,4373,430,54,17456,80,2
1478,1,4,4,3,1,4759,1326,81,15891,80,0
1479,3,4,3,2,3,5301,1358,96,2939,80,2
1480,4,1,3,3,3,3673,748,74,16458,80,0
1481,3,1,3,2,3,4768,383,79,9282,80,1
1482,3,3,2,2,3,1274,990,64,7152,80,2
1483,3,2,1,2,4,4900,405,93,2721,80,1
1484,2,3,2,3,3,10466,1490,35,20948,80,2
1485,1,2,4,2,3,17007,829,71,11929,80,2
1486,3,1,4,4,3,2909,1496,92,15747,80,1
1487,2,1,1,1,3,5765,115,51,17485,80,0
1489,2,1,3,4,2,4599,790,40,7815,80,0
1492,3,4,1,3,3,2404,660,76,16192,80,1
1494,1,2,3,2,3,3172,381,89,16998,80,0
1495,2,4,3,3,3,2033,830,78,7103,80,1
1496,3,2,2,2,3,10209,1193,86,19719,80,0
1497,3,3,3,3,2,8620,1246,77,23757,80,2
1499,3,3,1,4,3,2064,330,46,15428,80,1
1501,3,4,2,3,3,4035,1229,30,16143,80,0
1502,2,1,4,3,2,3838,1099,82,8192,80,0
1503,3,3,3,2,3,4591,571,78,24200,80,1
1504,1,3,3,2,2,2561,289,38,5355,80,0
1506,3,1,4,1,2,1563,1423,72,12530,80,1
1507,1,3,4,3,3,4898,467,55,11827,80,0
1509,1,3,1,3,2,4789,271,43,23070,80,1
1513,2,4,3,3,3,3180,410,97,4668,80,3
1514,2,3,2,2,1,6549,1083,96,3173,80,2
1515,3,4,1,3,3,6388,516,69,22049,80,0
1516,4,3,2,4,3,11244,495,64,21072,80,0
1520,4,2,1,3,3,16032,1050,87,24456,80,1
1522,1,1,3,1,2,2362,224,100,7568,80,0
1523,1,4,3,4,3,16328,136,32,22074,80,1
1525,2,2,4,3,3,8376,1089,32,9150,80,0
1527,2,3,4,4,3,16606,228,51,11380,80,1
1529,2,4,4,1,2,8606,1029,91,21195,80,0
1533,3,1,2,3,3,2272,507,97,24812,80,0
1534,1,4,2,1,3,2018,676,86,21831,80,0
1535,3,4,4,3,2,7083,971,64,12288,80,0
1537,3,4,1,1,3,4084,561,33,4156,80,0
1539,4,3,4,3,1,14411,333,88,24450,80,0
1541,3,2,2,3,3,2308,1440,55,4944,80,1
1542,2,3,2,3,2,4841,1210,68,24052,80,1
1543,4,1,1,3,3,4285,674,47,3031,80,0
1544,1,3,3,3,1,9715,441,39,7288,80,1
1545,2,4,4,3,2,4320,575,44,24152,80,0
1546,4,4,4,3,3,2132,950,97,4585,80,1
1547,4,4,3,1,3,10124,288,40,18611,80,1
1548,1,1,4,4,3,5473,1342,47,19345,80,0
1549,3,2,2,3,3,5207,589,79,22949,80,1
1550,4,3,4,3,3,16437,898,38,17381,80,0
1551,1,3,2,3,2,2296,350,57,10036,80,3
1552,4,4,3,3,3,4069,1142,72,8841,80,0
1553,2,1,1,3,3,7441,538,66,20933,80,3
1554,3,2,1,3,2,2430,1402,98,26204,80,2
1555,2,4,1,3,2,5878,824,67,15624,80,1
1556,4,3,4,2,3,2644,1157,70,17001,80,0
1557,3,3,3,3,3,6439,492,96,13693,80,1
1558,3,3,1,2,4,2451,598,91,22376,80,2
1560,1,1,4,1,3,6392,1242,46,10589,80,1
1562,1,2,4,3,2,9714,740,64,5323,80,1
1563,3,3,3,3,3,6077,888,71,14814,80,0
1564,1,4,2,3,2,2450,992,68,21731,80,0
1568,2,3,2,3,3,9250,1288,33,17799,80,1
1569,1,1,4,3,3,2074,104,69,26619,80,1
1572,4,3,2,3,2,10169,607,78,14618,80,1
1573,2,3,1,3,3,4855,903,81,7653,80,2
1574,1,4,2,2,3,4087,1200,62,25174,80,1
1576,1,3,4,2,3,2367,1108,65,16530,80,1
1577,4,1,3,1,3,2972,479,35,22061,80,0
1578,4,3,3,3,2,19586,685,60,23037,80,1
1580,4,2,2,2,3,5484,1351,45,13008,80,1
1581,4,1,1,3,3,2061,474,89,11133,80,0
1582,2,3,4,3,3,9924,1245,80,12355,80,1
1583,2,2,2,4,3,4198,437,90,16379,80,0
1585,3,2,1,3,3,6815,884,73,21447,80,0
1586,1,2,4,3,3,4723,1370,87,16213,80,0
1587,3,1,3,3,3,6142,670,51,4223,80,0
1588,3,4,1,3,4,8237,1462,38,4658,80,1
1590,4,1,4,4,3,8853,995,87,24483,80,1
1591,3,3,3,3,3,19331,264,59,19519,80,1
1592,3,4,4,3,4,2073,977,45,12826,80,1
1594,1,1,4,3,4,5562,1302,80,19711,80,1
1595,4,4,4,3,2,19613,1059,93,26362,80,0
1596,3,2,4,2,4,3407,750,46,25348,80,2
1597,3,4,2,2,2,5063,653,92,15332,80,1
1598,1,4,3,3,3,4639,118,84,11262,80,1
1599,2,4,3,3,4,4876,990,87,5855,80,1
1601,4,3,4,2,2,2690,1349,63,7713,80,1
1602,1,4,2,1,4,17567,563,56,3156,80,0
1604,2,3,3,3,3,2408,329,51,7324,80,3
1605,3,2,2,2,2,2814,457,85,10293,80,0
1606,3,2,3,3,3,11245,1234,41,20689,80,1
1607,4,2,4,3,4,3312,634,35,18783,80,2
1608,4,2,4,2,3,19049,1313,31,3549,80,1
1609,2,2,2,2,2,2141,241,48,5348,80,1
1611,1,3,1,3,1,5769,1015,50,23447,80,0
1612,1,1,1,3,2,4385,336,52,24162,80,1
1613,1,4,4,3,3,5332,715,54,21602,80,0
1614,3,3,2,3,3,4663,559,76,12421,80,2
1615,4,3,1,3,4,4724,426,42,17000,80,1
1617,1,3,4,2,3,3211,722,84,22102,80,1
1618,1,2,4,3,3,5377,1387,76,3835,80,3
1619,1,4,1,3,2,4066,1302,67,16290,80,2
1621,1,2,4,3,4,5208,819,48,26312,80,0
1622,1,2,2,2,1,4877,580,39,20460,80,1
1623,4,3,3,3,3,3117,546,97,26009,80,0
1624,4,2,3,4,3,1569,544,70,18420,80,0
1625,3,4,3,3,3,19658,1176,98,5220,80,1
1627,3,3,4,3,2,3069,170,76,10302,80,1
1628,3,1,4,3,2,10435,884,80,25800,80,2
1630,3,3,4,3,3,4148,208,52,12250,80,1
1631,3,3,1,2,3,5768,671,85,26493,80,3
1633,3,1,4,1,3,5042,711,81,3140,80,0
1635,4,4,1,3,2,5770,1329,59,5388,80,2
1638,3,4,4,4,2,7756,397,54,14199,80,1
1639,1,4,3,3,2,10306,737,55,21530,80,0
1640,2,2,1,1,3,3936,1470,71,9953,80,1
1641,4,3,4,2,3,7945,448,84,19948,80,0
1642,4,1,3,3,3,5743,602,37,10503,80,0
1644,4,3,2,3,2,15202,365,89,5602,80,1
1645,4,1,4,2,1,5440,763,59,22098,80,2
1646,4,1,3,3,3,3760,567,32,17218,80,0
1647,3,2,1,3,4,3517,486,86,22490,80,0
1648,4,4,3,2,3,2580,591,87,6297,80,0
1649,1,1,2,1,3,2166,1329,73,3339,80,0
1650,3,3,3,3,2,5869,469,42,23413,80,0
1651,1,2,3,3,3,8008,711,42,22792,80,2
1653,3,4,3,3,4,5206,772,77,4973,80,2
1654,2,4,3,3,3,5295,492,66,7693,80,0
1655,2,1,2,3,3,16413,301,72,3498,80,2
1656,1,4,3,3,2,13269,813,50,21981,80,3
1657,3,3,1,3,3,2783,1141,31,13251,80,0
1658,2,4,3,3,3,5433,1130,66,19332,80,1
1659,2,1,3,3,3,2013,311,77,10950,80,0
1661,3,3,2,3,2,13966,465,41,11652,80,1
1662,3,4,3,3,2,4374,894,33,15411,80,0
1664,1,4,1,3,4,6842,1040,79,26308,80,1
1665,3,2,3,3,3,17426,584,91,18685,80,1
1666,3,3,1,3,2,17603,1291,65,3525,80,1
1667,4,4,1,4,3,4581,880,36,10414,80,0
1668,4,4,4,4,3,4735,1189,90,9867,80,2
1669,2,1,2,2,2,4187,991,43,3356,80,1
1670,4,4,3,3,3,5505,392,93,3921,80,2
1671,2,4,3,2,3,5470,977,45,25518,80,2
1673,4,1,1,3,3,5476,1112,67,22589,80,2
1674,1,4,2,2,3,2587,464,74,24941,80,1
1675,2,4,2,3,2,2440,148,42,23826,80,0
1676,2,2,3,3,4,15972,1225,47,21086,80,3
1677,3,3,1,3,3,15379,809,36,22384,80,0
1678,3,4,4,3,3,7082,1206,80,11591,80,0
1680,1,4,1,3,3,2728,727,54,21082,80,0
1681,4,3,3,3,3,5368,530,36,16130,80,1
1682,3,1,2,2,3,5347,1351,80,7419,80,2
1683,4,3,1,3,3,3195,528,44,4167,80,3
1684,3,4,1,3,2,3989,1320,93,20586,80,0
1687,3,4,4,2,3,3306,1495,87,26176,80,1
1689,4,2,3,3,4,7005,1395,48,3458,80,0
1691,3,4,3,3,3,2655,708,95,11740,80,2
1692,2,4,1,3,3,1393,1259,95,24852,80,0
1693,4,4,3,3,3,2570,786,76,11925,80,0
1694,2,1,4,3,2,3537,1441,94,23737,80,1
1696,4,2,3,4,2,3986,1157,57,11912,80,1
1697,4,3,3,4,1,10883,370,92,20467,80,1
1698,2,2,4,3,4,2028,267,79,13637,80,3
1700,4,3,3,2,1,9525,1278,31,7677,80,2
1701,4,2,2,3,2,2929,678,35,20338,80,0
1702,4,3,2,3,3,2275,427,99,25103,80,1
1703,4,3,2,3,4,7879,921,96,14810,80,1
1704,4,1,3,4,2,4930,146,79,13970,80,0
1706,4,4,1,3,3,7847,1179,73,6069,80,1
1707,3,3,4,3,4,4401,581,62,17616,80,1
1708,3,4,2,3,3,9241,918,35,15869,80,0
1709,3,4,3,3,3,2974,1082,43,25412,80,1
1710,4,3,3,2,3,4502,530,51,7439,80,0
1712,3,3,4,2,2,10748,1238,74,3395,80,1
1714,3,4,3,3,1,1555,240,58,11585,80,1
1716,3,3,3,1,1,12936,1093,82,24164,80,0
1718,3,4,3,4,1,2305,390,62,6217,80,3
1719,2,4,3,3,2,16704,1005,48,17119,80,0
1720,3,1,1,2,3,3433,585,56,17360,80,1
1721,3,2,4,4,3,3477,741,69,18103,80,1
1722,2,3,2,3,1,6430,552,60,20794,80,1
1724,1,2,2,3,3,6516,369,92,5041,80,1
1725,1,2,2,4,3,3907,506,91,3622,80,3
1727,2,3,4,3,3,5562,717,34,9697,80,0
1728,3,4,2,3,3,6883,1370,49,5151,80,1
1729,4,2,2,2,3,2862,793,33,3811,80,1
1731,2,3,4,1,3,4978,543,87,3536,80,1
1732,4,3,2,2,3,10368,1277,74,5596,80,1
1733,1,2,2,3,2,6134,1456,96,8658,80,3
1734,2,1,2,3,1,6735,964,34,12147,80,0
1735,2,3,3,1,3,3295,160,51,12862,80,0
1736,4,4,4,2,3,5238,163,30,6670,80,0
1737,4,4,4,3,3,6472,792,77,8989,80,1
1739,3,4,3,1,1,9610,371,80,3840,80,1
1740,2,2,2,2,3,19833,611,88,4349,80,0
1744,3,3,3,4,1,9756,176,56,6595,80,2
1745,1,4,4,3,2,4968,1312,78,26427,80,0
1746,4,1,4,3,3,2145,897,59,2097,80,1
1747,4,3,3,2,2,2180,600,66,9732,80,1
1749,3,1,3,3,3,8346,1003,51,20943,80,1
1751,4,3,3,2,3,3445,1054,67,6152,80,0
1752,2,2,3,3,1,2760,428,52,14630,80,0
1753,3,4,4,4,4,6294,461,70,23060,80,0
1754,1,3,1,3,2,7140,979,94,3088,80,1
1755,4,4,1,3,4,2932,181,97,5586,80,3
1756,2,4,4,2,3,5147,1283,62,10697,80,0
1757,4,4,3,4,3,4507,1313,80,8191,80,0
1758,1,1,3,2,3,8564,211,74,10092,80,0
1760,2,3,2,2,2,2468,594,75,15963,80,1
1761,3,1,1,3,3,8161,1079,70,19002,80,3
1762,1,4,3,3,2,2109,590,91,10007,80,1
1763,3,3,3,3,4,5294,305,58,9128,80,1
1764,2,2,2,3,3,2718,953,65,17674,80,0
1766,4,2,3,3,1,5811,833,60,24539,80,1
1767,3,3,4,3,2,2437,807,38,15587,80,1
1768,2,2,2,2,3,2766,855,57,8952,80,3
1770,1,3,2,3,2,19038,478,60,19805,80,3
1771,2,4,4,2,3,3055,775,90,6194,80,2
1772,1,3,2,3,3,2289,548,94,20520,80,2
1774,3,4,3,3,3,4001,1375,87,12313,80,1
1775,3,1,4,2,2,12965,661,60,22308,80,3
1778,4,2,2,3,3,3539,244,97,5033,80,0
1779,4,4,1,3,1,6029,511,32,25353,80,0
1780,2,2,2,3,3,2679,337,31,4567,80,0
1782,3,4,2,3,2,3702,1153,40,16376,80,1
1783,1,3,3,3,3,2398,1294,79,15999,80,0
1784,4,1,1,3,2,5468,196,91,13402,80,2
1786,3,1,4,3,3,13116,942,53,22984,80,0
1787,2,2,1,3,2,4189,589,46,8800,80,2
1789,4,3,3,3,3,19328,734,46,14218,80,1
1790,1,4,4,3,3,8321,1383,90,25949,80,1
1792,2,3,3,2,3,2342,429,99,11092,80,3
1794,2,3,3,2,3,4071,1239,89,12832,80,0
1797,4,3,4,3,3,5813,303,84,13492,80,0
1798,1,4,2,3,4,3143,867,90,6076,80,1
1799,4,3,3,4,3,2044,1181,82,5531,80,1
1800,3,3,3,3,3,13464,1253,65,7914,80,0
1801,2,2,3,3,2,7991,849,98,25166,80,0
1802,1,3,4,2,3,3377,616,99,25605,80,1
1803,1,2,3,2,4,5538,1128,95,5696,80,2
1804,4,2,3,3,3,5762,1180,90,24442,80,1
1805,2,1,4,3,3,2592,1336,100,7129,80,3
1807,1,4,3,2,3,5346,234,93,6208,80,1
1809,1,4,2,1,3,4213,370,58,4992,80,0
1812,4,3,4,3,3,4127,766,83,19188,80,1
1813,3,1,3,2,3,2438,343,52,24978,80,0
1814,2,2,1,1,4,6870,447,85,15530,80,0
1815,3,3,4,4,3,10447,796,81,26458,80,1
1816,3,1,2,3,3,9667,1092,64,2739,80,0
1818,2,4,3,3,3,2148,920,69,6889,80,0
1821,2,4,4,4,3,8926,261,66,10842,80,1
1822,4,3,4,3,3,6513,1194,52,9060,80,1
1823,3,2,3,3,4,6799,810,92,22128,80,2
1824,2,2,4,2,3,16291,350,52,22577,80,1
1826,3,2,2,4,1,2705,185,91,9696,80,1
1827,2,3,3,3,2,10333,1001,92,19271,80,1
1829,1,2,2,3,3,4448,750,47,10748,80,1
1830,4,4,2,2,3,6854,431,68,15696,80,1
1833,1,1,4,3,3,9637,1125,68,8277,80,2
1834,1,3,3,3,3,3591,1217,67,12719,80,1
1835,4,2,1,2,1,5405,723,77,4244,80,2
1836,4,3,1,3,3,4684,572,46,9125,80,0
1837,3,1,2,3,3,15787,1216,87,21624,80,0
1839,3,2,3,1,3,1514,1431,33,8018,80,0
1842,1,4,3,3,4,2956,359,89,21495,80,0
1844,1,1,4,3,2,2335,350,56,3157,80,3
1845,3,3,2,4,3,5154,589,67,19665,80,2
1847,2,4,4,3,3,6962,430,73,19573,80,1
1849,4,1,3,3,3,5675,1422,92,19246,80,1
1850,4,4,3,2,3,2379,1297,53,19826,80,0
1852,4,4,2,4,3,3812,574,40,7003,80,0
1853,4,4,3,4,3,4648,1318,79,26075,80,0
1854,3,3,2,2,3,2936,355,38,6161,80,2
1856,3,2,3,3,3,2105,207,64,5411,80,0
1857,4,4,3,2,3,8578,706,82,19989,80,1
1858,4,3,2,3,3,2706,280,43,10494,80,1
1859,3,4,4,3,1,6384,726,93,21143,80,2
1860,3,4,4,3,3,3968,1142,81,13624,80,0
1862,2,3,3,2,2,9907,414,82,26186,80,0
1863,1,1,4,3,4,13225,1319,45,7739,80,1
1864,3,2,4,3,2,3540,728,36,7018,80,1
1865,2,4,4,3,2,2804,352,87,15434,80,0
1866,3,1,4,3,2,19392,823,81,22539,80,0
1867,2,4,4,3,2,19665,1224,91,13583,80,0
1868,4,4,2,2,2,2439,459,73,14753,80,0
1869,2,3,3,3,3,7314,1254,64,14011,80,3
1870,1,4,4,2,2,4774,1131,77,23844,80,1
1871,4,4,2,3,3,3902,835,41,5141,80,3
1873,4,2,2,4,2,2662,836,98,7975,80,1
1875,2,2,4,3,3,2856,1172,78,3692,80,1
1876,4,2,3,2,3,1081,945,89,16019,80,0
1878,2,4,1,3,3,2472,391,75,26092,80,0
1880,3,2,1,3,2,5673,1266,63,6060,80,1
1881,3,2,1,3,3,4197,311,89,18624,80,1
1882,4,3,4,3,3,9713,1480,64,24444,80,3
1883,1,4,2,3,3,2062,592,59,19384,80,0
1885,1,4,3,3,3,4284,783,78,13588,80,1
1886,2,4,4,3,2,4788,219,44,25388,80,0
1888,4,2,4,2,2,5906,556,93,23888,80,2
1890,4,2,4,2,2,3886,1213,94,4223,80,0
1892,1,1,1,3,3,16823,1137,98,18991,80,1
1893,3,2,3,2,2,2933,482,90,14908,80,1
1898,3,1,2,2,4,6500,511,89,26997,80,0
1900,4,4,2,3,3,17174,117,58,2437,80,1
1903,1,2,4,3,4,5033,170,78,9364,80,1
1905,1,4,2,3,1,2307,967,85,14460,80,1
1907,4,1,4,3,3,2587,1162,97,10261,80,0
1908,2,3,3,1,2,5507,335,33,16822,80,2
1909,2,3,3,3,3,4393,337,54,26841,80,1
1911,1,3,2,4,3,13348,1396,83,14842,80,1
1912,4,3,4,3,3,6583,1079,86,20115,80,1
1915,4,4,3,2,2,8103,735,75,16495,80,0
1916,3,1,2,2,4,3978,471,62,16031,80,1
1918,4,3,1,3,4,2544,1096,61,7102,80,1
1922,3,2,3,3,3,5399,1297,44,14511,80,0
1924,3,2,2,2,3,5487,217,43,10410,80,0
1927,4,3,3,3,2,6834,783,42,19255,80,1
1928,1,3,4,3,4,1091,746,45,10642,80,0
1929,3,1,3,3,1,5736,1251,32,3987,80,1
1931,2,2,3,2,3,2226,1354,41,6073,80,1
1932,4,3,2,3,2,5747,735,86,26496,80,0
1933,3,4,4,3,3,9854,1475,84,23352,80,0
1934,2,3,3,4,3,5467,1169,64,2125,80,1
1935,1,4,3,3,2,5380,1443,89,20328,80,1
1936,1,1,4,3,3,5151,867,87,12315,80,1
1937,2,4,3,3,2,2133,1394,58,18115,80,1
1938,4,4,3,2,3,17875,605,72,11761,80,1
1939,3,1,1,3,4,2432,238,47,15318,80,0
1940,4,2,4,4,3,4771,1206,71,14293,80,2
1941,4,2,4,3,3,19161,1064,42,13738,80,0
1943,4,2,3,3,3,5087,419,77,2900,80,2
1944,2,1,1,3,2,2863,1337,58,19555,80,0
1945,1,2,4,1,3,5561,682,71,15975,80,1
1947,3,3,3,2,3,2144,1103,49,2122,80,0
1948,1,3,4,4,3,3065,976,48,3995,80,1
1949,2,1,2,3,4,2810,1351,66,9238,80,0
1950,4,1,1,2,3,9888,937,32,6770,80,0
1951,3,4,3,2,3,8628,1239,39,22914,80,1
1952,1,3,4,2,3,2867,157,95,20006,80,0
1954,1,1,1,2,3,5373,136,89,6225,80,1
1955,4,3,2,3,3,6667,1146,34,16542,80,1
1956,1,4,2,3,1,5003,1125,48,5771,80,0
1960,4,3,1,2,2,2367,1404,32,18779,80,1
1961,1,1,1,2,2,2858,1404,59,11473,80,0
1962,4,3,4,3,3,5204,1224,55,13586,80,0
1965,4,4,1,3,3,4105,954,44,5099,80,0
1966,4,4,2,3,2,9679,1373,56,10138,80,0
1967,4,1,3,3,3,5617,754,63,21075,80,0
1968,1,1,2,2,3,10448,1168,66,5843,80,0
1969,3,1,3,2,3,2897,155,67,22474,80,2
1970,3,4,3,3,3,5968,1303,36,18079,80,3
1971,3,1,2,3,3,7510,574,30,16873,80,1
1972,2,4,2,3,3,2991,1444,88,5224,80,1
1973,2,3,1,3,4,19636,189,71,25811,80,1
1974,4,4,3,3,1,1129,1276,59,17536,80,3
1975,1,2,1,3,3,13341,119,77,25098,80,0
1976,3,4,4,3,2,4332,335,37,14811,80,0
1979,3,3,3,4,3,11031,697,40,26862,80,1
1980,1,3,4,3,3,4440,157,77,25198,80,0
1981,3,2,2,2,2,4617,771,45,14120,80,0
1982,4,4,3,4,3,2647,571,78,13672,80,0
1985,3,4,1,4,3,6323,692,73,26849,80,1
1986,2,2,3,3,3,5677,444,92,4258,80,1
1987,2,3,3,3,3,2187,309,82,19655,80,0
1989,2,4,3,2,3,3748,911,76,4077,80,0
1992,3,4,3,2,3,3977,977,57,7298,80,1
1993,3,1,2,3,3,8633,1180,84,13084,80,0
1994,3,2,3,2,2,2008,1313,59,20439,80,3
1995,2,4,1,3,3,4440,1321,86,7636,80,2
1996,3,1,3,3,3,3067,1154,54,6393,80,1
1997,3,1,4,3,2,5321,508,72,14284,80,1
1998,1,4,3,2,3,5410,557,35,11189,80,1
1999,4,4,1,3,3,2782,642,76,21412,80,1
2000,2,3,1,1,3,11957,1162,98,17231,80,2
2003,3,4,3,3,3,2660,1490,43,20232,80,1
2007,3,4,4,4,3,3375,581,63,17624,80,0
2008,3,2,2,3,3,5098,1395,48,18698,80,0
2009,4,2,1,3,3,4878,501,95,21653,80,1
2010,2,3,3,3,2,2837,267,49,15919,80,0
2012,4,1,3,2,3,2406,543,83,4060,80,2
2013,2,2,2,3,2,2269,234,68,18024,80,1
2014,4,1,1,3,3,4108,116,52,5340,80,0
2015,3,2,1,3,1,13206,201,99,3376,80,1
2016,4,3,3,3,3,10422,801,48,24032,80,2
2017,4,3,1,3,4,13744,161,42,15471,80,1
2018,3,1,2,2,3,4907,1382,85,13684,80,1
2019,4,1,2,2,3,3482,585,40,19788,80,2
2020,4,2,3,3,3,2436,1037,42,13422,80,0
2021,1,3,4,3,3,2380,501,58,25479,80,0
2022,4,4,3,2,3,19431,105,87,15302,80,0
2023,1,4,1,2,3,1790,638,33,26956,80,1
2024,4,1,3,3,2,7644,557,94,12695,80,2
2025,2,4,2,3,3,5131,688,97,9192,80,3
2026,3,3,1,2,3,6306,667,57,26236,80,1
2027,4,1,2,4,3,4787,1092,36,26124,80,3
2031,3,1,1,2,3,18880,300,56,17312,80,0
2032,3,4,4,1,3,2339,310,72,3666,80,1
2034,2,1,3,3,2,13570,582,60,5640,80,1
2035,3,4,4,3,2,6712,704,95,8978,80,2
2036,4,4,1,2,1,5406,301,88,10436,80,1
2037,2,3,3,3,2,8938,930,57,12227,80,1
2038,1,4,4,3,3,2439,529,78,11288,80,0
2040,4,3,3,3,3,8837,1146,31,16642,80,0
2041,4,1,3,3,3,5343,345,100,5982,80,1
2044,3,2,4,3,3,6728,878,94,14255,80,2
2045,4,2,1,2,2,6652,1120,100,14369,80,1
2046,3,4,3,3,3,4850,374,50,23333,80,0
2048,3,3,4,3,2,2809,1322,52,2725,80,0
2049,3,3,4,4,3,5689,1199,80,24594,80,2
2051,3,3,2,3,3,2001,1194,98,12549,80,3
2052,4,3,4,3,1,2977,287,62,8952,80,1
2053,2,4,1,3,2,4025,1378,46,23679,80,1
2054,1,4,2,1,2,3785,468,73,8489,80,0
2055,1,4,2,3,2,10854,410,39,16586,80,1
2056,4,2,1,2,2,12031,722,60,8828,80,1
2057,1,2,2,3,3,9936,325,74,3787,80,0
2060,3,4,4,3,2,2966,1167,30,21378,80,0
2061,4,3,3,3,4,2571,884,41,12290,80,1
2062,1,4,1,3,2,9991,613,42,21457,80,1
2064,2,2,2,3,4,6142,155,87,5174,80,1
2065,2,4,4,2,2,5390,1023,63,13243,80,0
2068,3,2,1,4,4,4404,628,82,10228,80,0
